drug_name,dosage,frequency,use,side_effects,substitutes,chemical_class,therapeutic_class,habit_forming,warnings
Augmentin,625 mg,3 times daily,Bacterial infections;Sinusitis;Pneumonia,Nausea;Diarrhea;Skin rash,Amoxicillin + Clavulanic Acid,Penicillin with beta-lactamase inhibitor,Antibiotic,false,Take with food;Not for patients with penicillin allergy
Cataflam,50 mg,3 times daily,Pain;Inflammation;Arthritis,Upset stomach;Ulcers;Increased bleeding risk,Voltaren;Diclofenac Potassium,Acetic acid derivative,NSAID,false,Take with food;Short-term use recommended;Avoid in peptic ulcer disease
Panadol,500 mg,Every 4-6 hours,Pain;Fever,Liver damage (in overdose);Skin rash,Paracetamol;Acamol,Para-aminophenol derivative,Analgesic-Antipyretic,false,Avoid alcohol;Do not exceed maximum dose
Brufen,400 mg,3 times daily,Pain;Inflammation;Fever,Upset stomach;Heartburn;Kidney damage,Brufenact;Ibuprofen,Propionic acid derivative,NSAID,false,Take with food;Avoid in peptic ulcer disease
Glucophage,500 mg,2 times daily,Type 2 diabetes,Nausea;Diarrhea;Metallic taste,Metformin;Cidophage,Biguanide,Antidiabetic,false,Contraindicated in renal impairment;Take with food
Daonil,5 mg,Once daily,Type 2 diabetes,Low blood sugar;Weight gain;Upset stomach,Glibenclamide;Euglucon,Sulfonylurea,Antidiabetic,false,High risk of hypoglycemia;Take with breakfast
Lantus,10 units,Once daily at bedtime,Type 1 and Type 2 diabetes,Low blood sugar;Weight gain;Injection site reactions,Insulin Glargine;Basaglar,Insulin analogue,Antidiabetic,false,Do not mix with other insulins;Rotate injection sites
Concor,5 mg,Once daily,High blood pressure;Angina;Heart failure,Slow heart rate;Fatigue;Cold hands and feet,Bisoprolol;Cardicor,Selective beta-1 blocker,Antihypertensive,false,Do not stop abruptly;Caution in asthma
Norvasc,5 mg,Once daily,High blood pressure;Angina,Swelling of ankles;Headache;Flushing,Amlodipine;Amlopin,Dihydropyridine calcium channel blocker,Antihypertensive,false,Swelling is common;Do not stop abruptly
Coversyl,5 mg,Once daily,High blood pressure;Heart failure,Dry cough;Low blood pressure;High potassium levels,Perindopril;Prestarium,ACE inhibitor,Antihypertensive,false,Contraindicated in pregnancy;Monitor renal function
Lasix,40 mg,Once daily,Edema;Heart failure;High blood pressure,Low potassium;Dehydration;Dizziness,Furosemide;Fruse,Loop diuretic,Diuretic,false,Monitor electrolytes;Can cause dehydration;Take in morning
Losec,20 mg,Once daily,Peptic ulcer;GERD;Acid reflux,Headache;Diarrhea;Nausea,Omeprazole;Prazole,Benzimidazole,Proton Pump Inhibitor,false,Take before meals;Long-term use may require monitoring
Zantac,150 mg,2 times daily,Peptic ulcer;GERD;Acid reflux,Headache;Constipation;Dizziness,Ranitidine;Azantac,H2 receptor antagonist,Antacid;Antiulcer,false,May interact with other drugs;Dose adjustment in renal impairment
Motilium,10 mg,3 times daily,Nausea;Vomiting;Bloating,Dry mouth;Headache;Breast enlargement,Domperidone;Domet,Benzimidazole,Dopamine antagonist,false,Not for heart patients;Use with caution
Ventolin Inhaler,100 mcg,As needed for wheezing,Asthma;Bronchospasm,Tremor;Headache;Palpitations,Salbutamol;Asthalin,Short-acting beta-2 agonist,Bronchodilator,false,Not for frequent use;Overuse can be dangerous;Rinse mouth after use
Singulair,10 mg,Once at night,Asthma;Allergic rhinitis,Headache;Agitation;Sleep disorders,Montelukast;Montek,Leukotriene receptor antagonist,Antiasthmatic,false,Monitor for mood changes;Not for acute asthma attacks
Zyrtec,10 mg,Once daily,Allergies;Hay fever;Urticaria,Drowsiness;Dry mouth;Headache,Cetirizine;Cetrizine,Piperazine derivative,Antihistamine,false,May cause drowsiness;Avoid alcohol;Caution when driving
Tramal,50 mg,Every 4-6 hours,Moderate to severe pain,Nausea;Dizziness;Drowsiness;Risk of dependence,Tramadol;Contramal,Opioid agonist,Analgesic,true,Risk of dependence and abuse;Avoid alcohol;Do not drive
Arthrotec,50 mg,2 times daily,Arthritis pain with gastric protection,Upset stomach;Diarrhea;Ulcer risk reduced,Diclofenac + Misoprostol,NSAID + Prostaglandin,NSAID,false,Take with food;Not for use in pregnancy
Voltaren Emulgel,1%,Apply 3 times daily,Local pain;Inflammation;Arthritis,Skin irritation;Redness;Itching,Diclofenac Diethylamine gel,NSAID,Topical NSAID,false,For external use only;Do not apply on broken skin
Betnovate Cream,0.1%,Apply 1-2 times daily,Inflammatory skin conditions (eczema, psoriasis),Skin thinning;Stretch marks;Burning,Betamethasone Valerate;Celtone,Corticosteroid,Topical Corticosteroid,false,Use sparingly;Do not use on face long-term
Canesten Cream,1%,Apply 2 times daily,Fungal skin infections (ringworm, athlete's foot),Mild burning;Itching;Redness,Clotrimazole;Clocip,Imidazole antifungal,Topical Antifungal,false,Continue treatment after symptoms disappear
Daktarin Cream,2%,Apply 2 times daily,Fungal skin infections;Vaginal candidiasis,Itching;Burning;Irritation,Miconazole Nitrate;Micatin,Imidazole antifungal,Topical Antifungal,false,Complete full course;For external use only
Xenical,120 mg,3 times daily with meals,Obesity;Weight management,Oily spotting;Flatulence;Fecal urgency,Orlistat;Alli,Gastrointestinal lipase inhibitor,Antiobesity,false,Follow a low-fat diet;Take a multivitamin
Flagyl,500 mg,3 times daily,Parasitic infections;Anaerobic infections;Amebiasis,Nausea;Metallic taste;Dark urine,Metronidazole;Entozole,Nitroimidazole antibiotic,Antibiotic;Antiprotozoal,false,Avoid alcohol during and after treatment
Zentel,400 mg,Once daily (may repeat),Threadworm;Roundworm;Hydatid disease,Abdominal pain;Nausea;Headache,Albendazole;Albenza,Benzimidazole,Anthelmintic,false,May need repeated doses;Take with fatty meal
Fero-Grad,325 mg,Once daily,Iron deficiency anemia,Constipation;Black stools;Upset stomach,Ferrous Sulfate;Ironorm,Iron Salt,Iron Supplement,false,Take on empty stomach;May cause constipation
Supradyn,1 tablet,Once daily,Nutritional supplementation,Allergic reactions;Upset stomach,Multivitamin;Centrum,Vitamin and Mineral Combination,Vitamin Supplement,false,Not a substitute for a balanced diet
D-Cure,1000 IU,Once daily,Vitamin D deficiency;Bone health,Nausea;Constipation;Weakness,Vitamin D3;Vidrop,Secosteroid,Vitamin Supplement,false,Monitor levels in deficiency;Take with fatty meal
Cortancyl,5 mg,Dose varies by condition,Inflammation;Allergies;Autoimmune disorders,Increased appetite;Weight gain;Mood changes,Prednisolone;Deltacortene,Corticosteroid,Corticosteroid,false,Do not stop abruptly;Take with food
Nizoral Shampoo,2%,Use 2 times a week,Dandruff;Seborrheic dermatitis,Hair loss (temporary);Dryness;Irritation,Ketoconazole;Ketzol,Imidazole antifungal,Antifungal Shampoo,false,Avoid contact with eyes;Leave on scalp for 5 minutes
Benzac AC 5%,5%,Apply once daily,Acne,Dryness;Redness;Peeling;Bleaching,Benzoyl Peroxide;Acnederm,Organic peroxide,Anti-acne,false,Start with lower strength;May cause initial breakout
Differin Gel,0.1%,Apply once at night,Acne,Skin dryness;Redness;Peeling;Irritation,Adapalene;Adaplex,Retinoid,Anti-acne,false,Use pea-sized amount;Avoid sun;Use sunscreen
Amoxicillin,500 mg,3 times daily,Bacterial infections;Respiratory tract infections,Diarrhea;Nausea;Skin rash,Amoxil;Amoclan,Penicillin,Antibiotic,false,Complete the full course;Not for viral infections
Ciprofloxacin,500 mg,2 times daily,Urinary tract infections;Prostatitis,Nausea;Diarrhea;Tendonitis,Ciproxin;Floxacin,Fluoroquinolone,Antibiotic,false,Avoid in children;May interact with theophylline
Azithromycin,500 mg,Once daily for 3 days,Respiratory infections;Skin infections,Diarrhea;Nausea;Abdominal pain,Zithromax;Azitro,Macrolide,Antibiotic,false,Take on an empty stomach;Can prolong QT interval
Paracetamol,500 mg,Every 4-6 hours,Pain;Fever,Liver damage (in overdose),Acetaminophen;Paramol,Para-aminophenol derivative,Analgesic-Antipyretic,false,Avoid alcohol;Do not exceed maximum dose
Ibuprofen,400 mg,3 times daily,Pain;Inflammation;Fever,Upset stomach;Heartburn;Kidney damage,Advil;Ibugesic,Propionic acid derivative,NSAID,false,Take with food;Avoid in peptic ulcer disease
Aspirin,100 mg,Once daily,Prevention of heart attacks;Pain,Upset stomach;Increased bleeding risk,ASA;Aspicot,Salicylate,Antiplatelet;NSAID,false,Do not give to children with viral infections
Metformin,500 mg,2 times daily,Type 2 diabetes,Nausea;Diarrhea;Metallic taste,Glucophage;Glycomet,Biguanide,Antidiabetic,false,Contraindicated in renal impairment
Glibenclamide,5 mg,Once daily,Type 2 diabetes,Low blood sugar;Weight gain,Daonil;Gliben,Sulfonylurea,Antidiabetic,false,High risk of hypoglycemia;Take with food
Insulin Glargine,10 units,Once daily at bedtime,Type 1 and Type 2 diabetes,Low blood sugar;Weight gain,Lantus;Basaglar,Insulin analogue,Antidiabetic,false,Do not mix with other insulins;Rotate injection sites
Atorvastatin,20 mg,Once at night,High cholesterol;Prevention of cardiovascular events,Muscle pain;Liver enzyme elevation,Lipitor;Torvast,HMG-CoA reductase inhibitor,Statin,false,Report unexplained muscle pain;Avoid grapefruit juice
Amlodipine,5 mg,Once daily,High blood pressure;Angina,Swelling of ankles;Headache;Flushing,Amvasc;Amlocard,Dihydropyridine calcium channel blocker,Antihypertensive,false,Swelling is common;Do not stop abruptly
Lisinopril,10 mg,Once daily,High blood pressure;Heart failure,Dry cough;Low blood pressure;High potassium levels,Zestril;Prinivil,ACE inhibitor,Antihypertensive,false,Contraindicated in pregnancy;Monitor renal function
Losartan,50 mg,Once daily,High blood pressure;Diabetic kidney disease,Dizziness;High potassium levels,Cozaar;Losacand,Angiotensin II receptor blocker,Antihypertensive,false,Contraindicated in pregnancy;Monitor potassium levels
Hydrochlorothiazide,25 mg,Once daily,High blood pressure;Edema,Low potassium;Increased blood sugar,Esidrex;Hydrazide,Thiazide diuretic,Antihypertensive;Diuretic,false,Monitor electrolytes;Can cause dehydration
Omeprazole,20 mg,Once daily,Peptic ulcer;GERD;Acid reflux,Headache;Diarrhea;Nausea,Losec;Prazole,Benzimidazole,Proton Pump Inhibitor,false,Take before meals;Long-term use may increase fracture risk
Pantoprazole,40 mg,Once daily,Peptic ulcer;GERD;Zollinger-Ellison syndrome,Headache;Diarrhea;Nausea,Controloc;Pantoloc,Benzimidazole,Proton Pump Inhibitor,false,Take before food;Long-term use requires monitoring
Ranitidine,150 mg,2 times daily,Peptic ulcer;GERD;Acid reflux,Headache;Constipation;Dizziness,Zantac;Azantac,H2 receptor antagonist,Antacid;Antiulcer,false,May interact with other drugs;Dose adjustment in renal impairment
Esomeprazole,40 mg,Once daily,Severe GERD;Erosive esophagitis,Headache;Diarrhea;Nausea,Nexium;Esotrax,Benzimidazole,Proton Pump Inhibitor,false,Take at least one hour before meals;Not for immediate symptom relief
Diclofenac Sodium,50 mg,2-3 times daily,Pain;Inflammation;Arthritis,Upset stomach;Ulcers;Increased bleeding risk,Voltaren;Cataflam,Acetic acid derivative,NSAID,false,Take with food;Short-term use recommended;Avoid in peptic ulcer disease
Celecoxib,200 mg,Once daily,Osteoarthritis;Rheumatoid arthritis;Pain,Upset stomach;Increased cardiovascular risk,Celebrex;Celcox,COX-2 inhibitor,NSAID,false,Contraindicated in sulfa allergy;Caution in heart disease
Metoclopramide,10 mg,3 times daily,Nausea;Vomiting;Gastroparesis,Drowsiness;Restlessness;Muscle spasms,Primperan;Emetisan,Benzamide,Dopamine antagonist,false,Short-term use only;Risk of extrapyramidal symptoms
Domperidone,10 mg,3 times daily,Nausea;Vomiting;Bloating,Dry mouth;Headache;Breast enlargement,Motilium;Domet,Benzimidazole,Dopamine antagonist,false,Not for heart patients;Use with caution
Simethicone,125 mg,After meals,Gas;Bloating;Flatulence,None known,Mylicon;Gas-X,Siloxane,Antiflatulent,false,Safe in pregnancy and breastfeeding;Not for absorption
Lactulose,15 ml,2 times daily,Constipation;Hepatic encephalopathy,Bloating;Cramps;Diarrhea,Duphalac;Lactugal,Disaccharide,Osmostic Laxative,false,Adjust dose to produce 2-3 soft stools;Take with water
Bisacodyl,5 mg,Once at night,Constipation,Abdominal cramps;Diarrhea;Electrolyte imbalance,Dulcolax;Laxadin,Diphenylmethane derivative,Stimulant Laxative,false,For short-term use only;Do not crush or chew tablet
Salbutamol Inhaler,100 mcg,As needed for wheezing,Asthma;Bronchospasm,Tremor;Headache;Palpitations,Ventolin;Asthalin,Short-acting beta-2 agonist,Bronchodilator,false,Not for frequent use;Overuse can be dangerous;Rinse mouth after use
Beclomethasone Inhaler,100 mcg,2 puffs 2 times daily,Asthma prevention,Oral thrush;Hoarseness of voice,Qvar;Becotide,Corticosteroid,Inhaled Corticosteroid,false,Rinse mouth after use to prevent thrush;Not for acute attacks
Montelukast,10 mg,Once at night,Asthma;Allergic rhinitis,Headache;Agitation;Sleep disorders,Singulair;Montek,Leukotriene receptor antagonist,Antiasthmatic,false,Monitor for mood changes;Not for acute asthma attacks
Cetirizine,10 mg,Once daily,Allergies;Hay fever;Urticaria,Drowsiness;Dry mouth;Headache,Zyrtec;Cetrizine,Piperazine derivative,Antihistamine,false,May cause drowsiness;Avoid alcohol;Caution when driving
Loratadine,10 mg,Once daily,Allergies;Hay fever;Urticaria,Headache;Dry mouth;Drowsiness,Claritine;Lorfast,Piperidine derivative,Antihistamine,false,Less sedating than older antihistamines;Take without food
Fexofenadine,120 mg,Once daily,Allergies;Hay fever;Urticaria,Headache;Nausea;Dizziness,Telfast;Allegra,Piperidine derivative,Antihistamine,false,Take without fruit juice;Less sedating
Fluoxetine,20 mg,Once daily,Depression;OCD;Panic disorder,Nausea;Headache;Insomnia;Sexual dysfunction,Prozac;Flutin,SSRI,Antidepressant,false,May increase suicidal thoughts in young adults;Do not stop abruptly
Sertraline,50 mg,Once daily,Depression;OCD;Panic disorder,Nausea;Diarrhea;Insomnia;Sexual dysfunction,Zoloft;Serlift,SSRI,Antidepressant,false,Take with food;Monitor for mood changes;Withdrawal symptoms on stoppage
Amitriptyline,25 mg,Once at night,Depression;Neuropathic pain;Migraine prevention,Dry mouth;Drowsiness;Constipation;Weight gain,Tryptizol;Elavil,Tricyclic antidepressant,Antidepressant,false,Overdose can be fatal;Caution in glaucoma;Drowsiness may occur
Diazepam,5 mg,2-3 times daily,Anxiety;Muscle spasm;Alcohol withdrawal,Drowsiness;Dizziness;Dependence;Confusion,Valium;Assival,Benzodiazepine,Anxiolytic;Sedative-Hypnotic,true,High risk of dependence;Avoid alcohol;Do not stop abruptly
Alprazolam,0.5 mg,2-3 times daily,Anxiety;Panic disorder,Drowsiness;Dizziness;Dependence;Withdrawal symptoms,Xanax;Alprox,Benzodiazepine,Anxiolytic,true,High abuse potential;Short-term use only;Severe withdrawal symptoms
Clonazepam,0.5 mg,2 times daily,Seizures;Panic disorder,Drowsiness;Dizziness;Dependence;Unsteadiness,Rivotril;Petril,Benzodiazepine,Anticonvulsant;Anxiolytic,true,Risk of dependence;Do not stop abruptly;Avoid alcohol
Levothyroxine,50 mcg,Once daily on empty stomach,Hypothyroidism,Palpitations;Weight loss;Insomnia,Eltroxin;Synthroid,Thyroid hormone,Thyroid Hormone,false,Take 30-60 mins before food;Do not take with calcium/iron
Warfarin,5 mg,Once daily,Blood clot prevention;Atrial fibrillation,Bleeding;Easy bruising;Hair loss,Coumadin;Marevan,Coumarin derivative,Anticoagulant,false,Requires regular blood (INR) monitoring;Many drug and food interactions
Clopidogrel,75 mg,Once daily,Prevention of heart attacks and strokes,Bleeding;Easy bruising;Rash,Plavix;Clopilet,Thienopyridine,Antiplatelet,false,Risk of bleeding;May need genetic testing for efficacy
Metoprolol,50 mg,2 times daily,High blood pressure;Angina;Heart failure,Slow heart rate;Fatigue;Cold hands and feet,Betaloc;Lopressor,Selective beta-1 blocker,Antihypertensive;Beta-blocker,false,Do not stop abruptly;Caution in asthma;Mask hypoglycemia symptoms
Propranolol,40 mg,2 times daily,High blood pressure;Migraine prevention;Anxiety,Slow heart rate;Fatigue;Cold hands and feet;Wheezing,Inderal;Stens,Non-selective beta blocker,Antihypertensive;Beta-blocker,false,Contraindicated in asthma;Do not stop abruptly
Spironolactone,25 mg,Once daily,Heart failure;High blood pressure;Edema,High potassium;Breast tenderness;Menstrual irregularities,Aldactone;Spirotone,Steroidal aldosterone antagonist,Potassium-sparing Diuretic,false,Monitor potassium levels;Can cause hyperkalemia;Avoid potassium supplements
Furosemide,40 mg,Once daily,Edema;Heart failure;High blood pressure,Low potassium;Dehydration;Dizziness,Lasix;Fruse,Loop diuretic,Diuretic,false,Monitor electrolytes;Can cause dehydration;Take in morning
Tramadol,50 mg,Every 4-6 hours,Moderate to severe pain,Nausea;Dizziness;Drowsiness;Seizures;Dependence,Tramal;Contramal,Opioid agonist,Analgesic,true,Risk of dependence and abuse;Avoid alcohol;Do not drive
Pregabalin,75 mg,2 times daily,Neuropathic pain;Anxiety;Fibromyalgia,Dizziness;Drowsiness;Weight gain;Blurred vision,Lyrica;Pregalin,Gamma-aminobutyric acid analogue,Anticonvulsant;Analgesic,false,Do not stop abruptly;May cause drowsiness;Risk of dependence
Gabapentin,300 mg,3 times daily,Neuropathic pain;Seizures,Dizziness;Drowsiness;Fatigue;Swelling,Neurontin;Gabatin,Gamma-aminobutyric acid analogue,Anticonvulsant;Analgesic,false,Do not stop abruptly;May cause drowsiness
Allopurinol,100 mg,Once daily,Gout;High uric acid,Skin rash;Nausea;Liver enzyme elevation,Zyloric;Alloprin,Xanthine oxidase inhibitor,Antigout,false,Drink plenty of fluids;May cause severe skin reaction;Start with low dose
Colchicine,0.5 mg,2 times daily (acute gout),Acute gout attacks;Familial Mediterranean fever,Diarrhea;Nausea;Vomiting;Bone marrow suppression,Colchicum;Colcryx,Colchicum alkaloid,Antigout,false,Do not exceed recommended dose;Risk of toxicity;Monitor for side effects
Methotrexate,10 mg,Once weekly,Rheumatoid arthritis;Psoriasis;Some cancers,Nausea;Mouth ulcers;Liver damage;Low blood counts,Trexall;Metject,Antimetabolite,DMARD,false,Requires regular blood monitoring;Take folic acid supplement;Avoid alcohol
Sulfasalazine,500 mg,2 times daily,Rheumatoid arthritis;Ulcerative colitis,Nausea;Headache;Loss of appetite;Orange urine,Salazopyrin;Azulfidine,Sulfonamide,DMARD;Anti-inflammatory,false,Drink plenty of water;May cause sun sensitivity;Monitor blood counts
Finasteride,5 mg,Once daily,Benign prostatic hyperplasia (BPH);Hair loss,Decreased libido;Erectile dysfunction;Breast tenderness,Proscar;Propecia,5-alpha-reductase inhibitor,Antiandrogen,false,Not for use in women;Pregnant women should not handle crushed tablets;Effects reversible on discontinuation
Tamsulosin,0.4 mg,Once daily,Benign prostatic hyperplasia (BPH),Dizziness;Retrograde ejaculation;Low blood pressure,Flomax;Urimax,Selective alpha-1 blocker,Alpha blocker,false,Can cause dizziness;Take after same meal each day;Not for hypertension
Sildenafil,50 mg,As needed (before activity),Erectile dysfunction,Headache;Flushing;Upset stomach;Visual changes,Viagra;Revatio,Phosphodiesterase type 5 inhibitor,Erectile Dysfunction Agent,false,Contraindicated with nitrates;Risk of priapism;Not for cardiovascular use
Tadalafil,10 mg,As needed (before activity),Erectile dysfunction;BPH,Headache;Indigestion;Back pain;Muscle aches,Cialis;Tadalis,Phosphodiesterase type 5 inhibitor,Erectile Dysfunction Agent,false,Contraindicated with nitrates;Longer duration of action
Dutasteride,0.5 mg,Once daily,Benign prostatic hyperplasia (BPH),Decreased libido;Erectile dysfunction;Breast enlargement,Avodart;Dutas,5-alpha-reductase inhibitor,Antiandrogen,false,Not for use in women;Pregnant women should not handle crushed tablets
Mebeverine,135 mg,3 times daily,Irritable bowel syndrome (IBS);Abdominal cramps,Nausea;Headache;Dizziness,Colofac;Duspatalin,Musculotropic antispasmodic,Antispasmodic,false,Take before meals;Not for glaucoma
Hyoscine Butylbromide,10 mg,3 times daily,Abdominal cramps;Irritable bowel syndrome,Dry mouth;Blurred vision;Difficulty urinating,Buscopan;Scopan,Anticholinergic,Antispasmodic,false,Contraindicated in glaucoma;Myasthenia gravis
Orlistat,120 mg,3 times daily with meals,Obesity;Weight management,Oily spotting;Flatulence;Fecal urgency;Fatty stools,Xenical;Alli,Gastrointestinal lipase inhibitor,Antiobesity,false,Follow a reduced-calorie, low-fat diet;Take a multivitamin
Metronidazole,500 mg,3 times daily,Parasitic infections;Anaerobic infections;Amebiasis,Nausea;Metallic taste;Dark urine;Disulfiram-like reaction,Flagyl;Entozole,Nitroimidazole antibiotic,Antibiotic;Antiprotozoal,false,Avoid alcohol during and after treatment;Can cause peripheral neuropathy
Tinidazole,500 mg,Once daily,Giardiasis;Amebiasis;Anaerobic infections,Nausea;Metallic taste;Vomiting;Dizziness,Fasigyn;Tindamax,Nitroimidazole antibiotic,Antibiotic;Antiprotozoal,false,Avoid alcohol during treatment;Take with food
Albendazole,400 mg,Once daily (may repeat),Threadworm;Roundworm;Hydatid disease,Abdominal pain;Nausea;Headache;Dizziness,Zentel;Albenza,Benzimidazole,Anthelmintic,false,May need repeated doses;Take with fatty meal for better absorption
Mebendazole,100 mg,Once (may repeat in 2 weeks),Threadworm;Roundworm;Hookworm,Abdominal pain;Diarrhea;Rarely liver enzyme elevation,Vermox;Antiox,Benzimidazole,Anthelmintic,false,Chewable tablet;May need to treat whole family
Ferrous Sulfate,325 mg,Once daily,Iron deficiency anemia,Constipation;Black stools;Upset stomach;Nausea,Fero-Grad;Ironorm,Iron Salt,Iron Supplement,false,Take on empty stomach for best absorption;May cause constipation;Can take with Vitamin C
Folic Acid,5 mg,Once daily,Folate deficiency;Prevention in pregnancy,None known,Folvite;Acidapin,Folate derivative,Vitamin Supplement,false,Important in pregnancy to prevent neural tube defects
Calcium Carbonate,500 mg,2-3 times daily,Calcium supplement;Antacid,Constipation;Gas;Belching,Caltrate;Tums,Calcium salt,Mineral Supplement;Antacid,false,May interfere with absorption of other drugs;Take separately
Vitamin D3,1000 IU,Once daily,Vitamin D deficiency;Bone health,Nausea;Constipation;Weakness,D-Cure;Vidrop,Secosteroid,Vitamin Supplement,false,Monitor levels in deficiency;Take with fatty meal for absorption
Multivitamin,1 tablet,Once daily,Nutritional supplementation,Allergic reactions;Upset stomach,Supradyn;Centrum,Vitamin and Mineral Combination,Vitamin Supplement,false,Not a substitute for a balanced diet
Prednisolone,5 mg,Dose varies by condition,Inflammation;Allergies;Autoimmune disorders,Increased appetite;Weight gain;Mood changes;High blood sugar,Cortancyl;Deltacortene,Corticosteroid,Corticosteroid,false,Do not stop abruptly;Take with food;Monitor blood sugar and blood pressure
Dexamethasone,0.5 mg,Dose varies by condition,Inflammation;Severe allergies;Nausea from chemotherapy,Increased appetite;Insomnia;Mood changes;High blood sugar,Decadron;Dexazone,Corticosteroid,Corticosteroid,false,Do not stop abruptly;Single morning dose to reduce insomnia
Betamethasone Dipropionate Cream,0.05%,Apply 1-2 times daily,Inflammatory skin conditions (eczema, psoriasis),Skin thinning;Stretch marks;Burning,Diprosone;Celestoderm,Corticosteroid,Topical Corticosteroid,false,Use sparingly;Do not use on face long-term;For external use only
Hydrocortisone Cream 1%,1%,Apply 2-3 times daily,Mild inflammatory skin conditions;Itching;Rashes,Mild skin irritation;Thinning with long-term use,Cortaid;Efcortelan,Corticosteroid,Topical Corticosteroid,false,For short-term use;Avoid on broken skin;For external use only
Clotrimazole Cream 1%,1%,Apply 2 times daily,Fungal skin infections (ringworm, athlete's foot),Mild burning;Itching;Redness,Canesten;Clocip,Imidazole antifungal,Topical Antifungal,false,Continue treatment for 2 weeks after symptoms disappear;Keep area clean and dry
Miconazole Nitrate Cream 2%,2%,Apply 2 times daily,Fungal skin infections;Vaginal candidiasis,Itching;Burning;Irritation,Daktarin;Micatin,Imidazole antifungal,Topical Antifungal,false,Complete full course;For external use only
Ketoconazole Shampoo 2%,2%,Use 2 times a week,Dandruff;Seborrheic dermatitis;Tinea versicolor,Hair loss (temporary);Dryness;Irritation,Nizoral;Ketzol,Imidazole antifungal,Antifungal Shampoo,false,Avoid contact with eyes;Leave on scalp for 3-5 minutes before rinsing
Salicylic Acid Ointment,3%,Apply 1-2 times daily,Warts;Psoriasis;Calluses,Skin irritation;Redness;Dryness,Salitop;Saliva,Keratolytic,Keratolytic,false,For external use only;Avoid on inflamed skin or open wounds
Benzoyl Peroxide Gel,5%,Apply once daily,Acne,Dryness;Redness;Peeling;Bleaching of fabric,Benzac;Acnederm,Organic peroxide,Anti-acne,false,Start with lower strength;May cause initial breakout;Sun sensitivity
Adapalene Gel,0.1%,Apply once at night,Acne,Skin dryness;Redness;Peeling;Irritation,Differin;Adaplex,Retinoid,Anti-acne,false,Use pea-sized amount;Avoid sun;Use sunscreen;Not for use in pregnancy
Erythromycin,250 mg,4 times daily,Bacterial infections;Acne,Nausea;Diarrhea;Abdominal pain,Erythrocin;Eryacne,Macrolide,Antibiotic,false,Take on empty stomach;Can cause GI upset;Monitor liver function
Clarithromycin,500 mg,2 times daily,Bacterial infections;H. pylori eradication,Nausea;Diarrhea;Metallic taste;Headache,Klaricid;Claribid,Macrolide,Antibiotic,false,Take with food;Many drug interactions;Monitor liver function
Levofloxacin,500 mg,Once daily,Respiratory infections;Urinary tract infections,Nausea;Diarrhea;Tendon rupture;Photosensitivity,Levoxin;Tavanic,Fluoroquinolone,Antibiotic,false,Avoid in children;Risk of tendon damage;Stay hydrated
Doxycycline,100 mg,2 times daily,Acne;Malaria prevention;Respiratory infections,Upset stomach;Photosensitivity;Tooth discoloration,Vibramycin;Doxylin,Tetracycline,Antibiotic,false,Take with food;Avoid dairy;Use sunscreen;Not in pregnancy
Cephalexin,500 mg,4 times daily,Bacterial infections;Skin infections,Diarrhea;Nausea;Allergic reactions,Keflex;Ceporex,Cephalosporin,Antibiotic,false,Take with food;Caution in penicillin allergy
Trimethoprim/Sulfamethoxazole,80/400 mg,2 times daily,Urinary tract infections;Respiratory infections,Nausea;Vomiting;Skin rash;Blood disorders,Septrin;Bactrim,Sulfonamide antibiotic,Antibiotic,false,Drink plenty of water;May cause sun sensitivity;Monitor blood counts
Nitrofurantoin,100 mg,4 times daily,Urinary tract infections,Nausea;Loss of appetite;Lung toxicity (long-term),Macrodantin;Furadantin,Nitrofuran derivative,Antibiotic,false,Take with food;Contraindicated in renal impairment
Vancomycin,125 mg,4 times daily,Severe bacterial infections;C. difficile,Kidney damage;Hearing loss;Red man syndrome,Vancocin;Vancomycin,Glycopeptide antibiotic,Antibiotic,false,Monitor blood levels;IV administration for systemic infections
Acyclovir,200 mg,5 times daily,Herpes simplex;Chickenpox;Shingles,Nausea;Diarrhea;Headache;Kidney damage (IV),Zovirax;Acivir,Nucleoside analogue,Antiviral,false,Start early for best effect;Stay hydrated
Valacyclovir,500 mg,2 times daily,Herpes outbreaks;Shingles,Headache;Nausea;Dizziness,Valtrex;Valtrex,Nucleoside analogue,Antiviral,false,Start at first sign of outbreak;Stay hydrated
Oseltamivir,75 mg,2 times daily for 5 days,Influenza (Flu),Nausea;Vomiting;Headache;Rare neuropsychiatric events,Tamiflu;Oseltam,Neuraminidase inhibitor,Antiviral,false,Start within 48 hours of symptom onset;Effectiveness may vary
Ribavirin,200 mg,2 times daily,Hepatitis C;RSV infection,Anemia;Birth defects;Cough;Insomnia,Rebetol;Copegus,Nucleoside analogue,Antiviral,false,Highly teratogenic;Use two forms of contraception;Monitor blood counts
Interferon alfa,3 million IU,3 times weekly,Hepatitis B and C;Certain cancers,Flu-like symptoms;Fatigue;Depression;Low blood counts,Intron A;Roferon-A,Interferon,Immunomodulator,false,Monitor for depression;Regular blood tests needed
Lamivudine,100 mg,Once daily,Hepatitis B;HIV,Nausea;Headache;Fatigue;Lactic acidosis,Epivir;Heptodin,Nucleoside reverse transcriptase inhibitor,Antiviral,false,Not a cure for hepatitis B;Monitor liver function
Tenofovir,300 mg,Once daily,Hepatitis B;HIV,Nausea;Diarrhea;Kidney damage;Bone loss,Viread;Tenvir,Nucleotide reverse transcriptase inhibitor,Antiviral,false,Monitor renal function and bone density
Entecavir,0.5 mg,Once daily,Hepatitis B,Headache;Fatigue;Dizziness;Lactic acidosis,Baraclude;Entavir,Nucleoside analogue,Antiviral,false,Not a cure for hepatitis B;Monitor liver function
Sofosbuvir,400 mg,Once daily,Hepatitis C,Fatigue;Headache;Nausea,Sovaldi;Sofovir,Nucleotide analogue,Antiviral,false,Used in combination with other drugs;Monitor liver function
Ledipasvir/Sofosbuvir,90/400 mg,Once daily,Hepatitis C,Fatigue;Headache;Nausea,Harvoni;Ledifos,Nucleotide/NSS5A inhibitor combination,Antiviral,false,High cure rate;Take with or without food
Daclatasvir,60 mg,Once daily,Hepatitis C,Headache;Fatigue;Nausea,Daklinza;Daclavir,NSS5A inhibitor,Antiviral,false,Used in combination with other antivirals;Take with or without food
Ritonavir,100 mg,2 times daily,HIV (boosts other antivirals),Nausea;Diarrhea;Tingling;High cholesterol,Norvir;Riton,Protease inhibitor,Antiviral,false,Many drug interactions;Take with food
Lopinavir/Ritonavir,200/50 mg,2 times daily,HIV,Diarrhea;Nausea;High cholesterol;High blood sugar,Kaletra;Aluvia,Protease inhibitor combination,Antiviral,false,Take with food;Monitor lipids and blood sugar
Efavirenz,600 mg,Once at night,HIV,Dizziness;Insomnia;Rash;Psychiatric symptoms,Sustiva;Efavirenz,Non-nucleoside reverse transcriptase inhibitor,Antiviral,false,Take on empty stomach;Avoid during pregnancy;Monitor mental health
Nevirapine,200 mg,2 times daily,HIV,Skin rash;Liver damage;Fever,Viramune;Neviral,Non-nucleoside reverse transcriptase inhibitor,Antiviral,false,Monitor for severe skin reactions;Check liver enzymes
Raltegravir,400 mg,2 times daily,HIV,Insomnia;Headache;Muscle pain,Isentress;Ralt,Integrase inhibitor,Antiviral,false,Can be taken with or without food;Generally well-tolerated
Dolutegravir,50 mg,Once daily,HIV,Insomnia;Headache;Increased creatine kinase,Tivicay;Doluteg,Integrase inhibitor,Antiviral,false,Take with or without food;Monitor for mood changes
Atazanavir,300 mg,Once daily,HIV,Jaundice;Kidney stones;Heart rhythm changes,Reyataz;Ataza,Protease inhibitor,Antiviral,false,Take with food;Monitor bilirubin and ECG
Darunavir,600 mg,2 times daily,HIV,Diarrhea;Nausea;Headache;Rash,Prezista;Daru,Protease inhibitor,Antiviral,false,Take with food;Must be boosted with ritonavir
Rilpivirine,25 mg,Once daily,HIV,Depression;Insomnia;Headache;Rash,Edurant;Rilpi,Non-nucleoside reverse transcriptase inhibitor,Antiviral,false,Take with a meal;Not for patients with high viral load
Bictegravir/Emtricitabine/Tenofovir,50/200/25 mg,Once daily,HIV,Headache;Diarrhea;Nausea,Biktarvy;Bicte,Fixed-dose combination,Antiviral,false,Generally well-tolerated;Monitor renal function
Abacavir,300 mg,2 times daily,HIV,Nausea;Headache;Fatigue;Hypersensitivity reaction,Ziagen;Abac,Non-nucleoside reverse transcriptase inhibitor,Antiviral,false,Screen for HLA-B*5701 allele to avoid hypersensitivity;Do not restart if reaction occurs
Zidovudine,300 mg,2 times daily,HIV,Anemia;Nausea;Headache;Lipodystrophy,Retrovir;Zidovudine,Nucleoside reverse transcriptase inhibitor,Antiviral,false,Monitor blood counts;Can cause lactic acidosis
Stavudine,40 mg,2 times daily,HIV,Peripheral neuropathy;Pancreatitis;Lipodystrophy,Zerit;Stavudine,Nucleoside reverse transcriptase inhibitor,Antiviral,false,Use only if no alternatives;Monitor for toxicity
Didanosine,400 mg,Once daily,HIV,Pancreatitis;Peripheral neuropathy;Lactic acidosis,Videx;Didanosine,Nucleoside reverse transcriptase inhibitor,Antiviral,false,Take on empty stomach;Monitor for pancreatitis
Emtricitabine,200 mg,Once daily,HIV;Hepatitis B,Headache;Diarrhea;Skin hyperpigmentation,Emtriva;Emcure,Nucleoside reverse transcriptase inhibitor,Antiviral,false,Also active against hepatitis B;Generally well-tolerated
Amoxicillin,500 mg,3 times daily,Bacterial infections;Respiratory tract infections,Diarrhea;Nausea;Skin rash,Amoxil;Amoclan,Penicillin,Antibiotic,false,Complete the full course;Not for viral infections
Ciprofloxacin,500 mg,2 times daily,Urinary tract infections;Prostatitis,Nausea;Diarrhea;Tendonitis,Ciproxin;Floxacin,Fluoroquinolone,Antibiotic,false,Avoid in children;May interact with theophylline
Azithromycin,500 mg,Once daily for 3 days,Respiratory infections;Skin infections,Diarrhea;Nausea;Abdominal pain,Zithromax;Azitro,Macrolide,Antibiotic,false,Take on an empty stomach;Can prolong QT interval
Paracetamol,500 mg,Every 4-6 hours,Pain;Fever,Liver damage (in overdose),Acetaminophen;Paramol,Para-aminophenol derivative,Analgesic-Antipyretic,false,Avoid alcohol;Do not exceed maximum dose
Ibuprofen,400 mg,3 times daily,Pain;Inflammation;Fever,Upset stomach;Heartburn;Kidney damage,Advil;Ibugesic,Propionic acid derivative,NSAID,false,Take with food;Avoid in peptic ulcer disease
Aspirin,100 mg,Once daily,Prevention of heart attacks;Pain,Upset stomach;Increased bleeding risk,ASA;Aspicot,Salicylate,Antiplatelet;NSAID,false,Do not give to children with viral infections
Metformin,500 mg,2 times daily,Type 2 diabetes,Nausea;Diarrhea;Metallic taste,Glucophage;Glycomet,Biguanide,Antidiabetic,false,Contraindicated in renal impairment
Glibenclamide,5 mg,Once daily,Type 2 diabetes,Low blood sugar;Weight gain,Daonil;Gliben,Sulfonylurea,Antidiabetic,false,High risk of hypoglycemia;Take with food
Insulin Glargine,10 units,Once daily at bedtime,Type 1 and Type 2 diabetes,Low blood sugar;Weight gain,Lantus;Basaglar,Insulin analogue,Antidiabetic,false,Do not mix with other insulins;Rotate injection sites
Atorvastatin,20 mg,Once at night,High cholesterol;Prevention of cardiovascular events,Muscle pain;Liver enzyme elevation,Lipitor;Torvast,HMG-CoA reductase inhibitor,Statin,false,Report unexplained muscle pain;Avoid grapefruit juice
Amlodipine,5 mg,Once daily,High blood pressure;Angina,Swelling of ankles;Headache;Flushing,Amvasc;Amlocard,Dihydropyridine calcium channel blocker,Antihypertensive,false,Swelling is common;Do not stop abruptly
Lisinopril,10 mg,Once daily,High blood pressure;Heart failure,Dry cough;Low blood pressure;High potassium levels,Zestril;Prinivil,ACE inhibitor,Antihypertensive,false,Contraindicated in pregnancy;Monitor renal function
Losartan,50 mg,Once daily,High blood pressure;Diabetic kidney disease,Dizziness;High potassium levels,Cozaar;Losacand,Angiotensin II receptor blocker,Antihypertensive,false,Contraindicated in pregnancy;Monitor potassium levels
Hydrochlorothiazide,25 mg,Once daily,High blood pressure;Edema,Low potassium;Increased blood sugar,Esidrex;Hydrazide,Thiazide diuretic,Antihypertensive;Diuretic,false,Monitor electrolytes;Can cause dehydration
Omeprazole,20 mg,Once daily,Peptic ulcer;GERD;Acid reflux,Headache;Diarrhea;Nausea,Losec;Prazole,Benzimidazole,Proton Pump Inhibitor,false,Take before meals;Long-term use may increase fracture risk
Pantoprazole,40 mg,Once daily,Peptic ulcer;GERD;Zollinger-Ellison syndrome,Headache;Diarrhea;Nausea,Controloc;Pantoloc,Benzimidazole,Proton Pump Inhibitor,false,Take before food;Long-term use requires monitoring
Ranitidine,150 mg,2 times daily,Peptic ulcer;GERD;Acid reflux,Headache;Constipation;Dizziness,Zantac;Azantac,H2 receptor antagonist,Antacid;Antiulcer,false,May interact with other drugs;Dose adjustment in renal impairment
Esomeprazole,40 mg,Once daily,Severe GERD;Erosive esophagitis,Headache;Diarrhea;Nausea,Nexium;Esotrax,Benzimidazole,Proton Pump Inhibitor,false,Take at least one hour before meals;Not for immediate symptom relief
Diclofenac Sodium,50 mg,2-3 times daily,Pain;Inflammation;Arthritis,Upset stomach;Ulcers;Increased bleeding risk,Voltaren;Cataflam,Acetic acid derivative,NSAID,false,Take with food;Short-term use recommended;Avoid in peptic ulcer disease
Celecoxib,200 mg,Once daily,Osteoarthritis;Rheumatoid arthritis;Pain,Upset stomach;Increased cardiovascular risk,Celebrex;Celcox,COX-2 inhibitor,NSAID,false,Contraindicated in sulfa allergy;Caution in heart disease
Metoclopramide,10 mg,3 times daily,Nausea;Vomiting;Gastroparesis,Drowsiness;Restlessness;Muscle spasms,Primperan;Emetisan,Benzamide,Dopamine antagonist,false,Short-term use only;Risk of extrapyramidal symptoms
Domperidone,10 mg,3 times daily,Nausea;Vomiting;Bloating,Dry mouth;Headache;Breast enlargement,Motilium;Domet,Benzimidazole,Dopamine antagonist,false,Not for heart patients;Use with caution
Simethicone,125 mg,After meals,Gas;Bloating;Flatulence,None known,Mylicon;Gas-X,Siloxane,Antiflatulent,false,Safe in pregnancy and breastfeeding;Not for absorption
Lactulose,15 ml,2 times daily,Constipation;Hepatic encephalopathy,Bloating;Cramps;Diarrhea,Duphalac;Lactugal,Disaccharide,Osmostic Laxative,false,Adjust dose to produce 2-3 soft stools;Take with water
Bisacodyl,5 mg,Once at night,Constipation,Abdominal cramps;Diarrhea;Electrolyte imbalance,Dulcolax;Laxadin,Diphenylmethane derivative,Stimulant Laxative,false,For short-term use only;Do not crush or chew tablet
Salbutamol Inhaler,100 mcg,As needed for wheezing,Asthma;Bronchospasm,Tremor;Headache;Palpitations,Ventolin;Asthalin,Short-acting beta-2 agonist,Bronchodilator,false,Not for frequent use;Overuse can be dangerous;Rinse mouth after use
Beclomethasone Inhaler,100 mcg,2 puffs 2 times daily,Asthma prevention,Oral thrush;Hoarseness of voice,Qvar;Becotide,Corticosteroid,Inhaled Corticosteroid,false,Rinse mouth after use to prevent thrush;Not for acute attacks
Montelukast,10 mg,Once at night,Asthma;Allergic rhinitis,Headache;Agitation;Sleep disorders,Singulair;Montek,Leukotriene receptor antagonist,Antiasthmatic,false,Monitor for mood changes;Not for acute asthma attacks
Cetirizine,10 mg,Once daily,Allergies;Hay fever;Urticaria,Drowsiness;Dry mouth;Headache,Zyrtec;Cetrizine,Piperazine derivative,Antihistamine,false,May cause drowsiness;Avoid alcohol;Caution when driving
Loratadine,10 mg,Once daily,Allergies;Hay fever;Urticaria,Headache;Dry mouth;Drowsiness,Claritine;Lorfast,Piperidine derivative,Antihistamine,false,Less sedating than older antihistamines;Take without food
Fexofenadine,120 mg,Once daily,Allergies;Hay fever;Urticaria,Headache;Nausea;Dizziness,Telfast;Allegra,Piperidine derivative,Antihistamine,false,Take without fruit juice;Less sedating
Fluoxetine,20 mg,Once daily,Depression;OCD;Panic disorder,Nausea;Headache;Insomnia;Sexual dysfunction,Prozac;Flutin,SSRI,Antidepressant,false,May increase suicidal thoughts in young adults;Do not stop abruptly
Sertraline,50 mg,Once daily,Depression;OCD;Panic disorder,Nausea;Diarrhea;Insomnia;Sexual dysfunction,Zoloft;Serlift,SSRI,Antidepressant,false,Take with food;Monitor for mood changes;Withdrawal symptoms on stoppage
Amitriptyline,25 mg,Once at night,Depression;Neuropathic pain;Migraine prevention,Dry mouth;Drowsiness;Constipation;Weight gain,Tryptizol;Elavil,Tricyclic antidepressant,Antidepressant,false,Overdose can be fatal;Caution in glaucoma;Drowsiness may occur
Diazepam,5 mg,2-3 times daily,Anxiety;Muscle spasm;Alcohol withdrawal,Drowsiness;Dizziness;Dependence;Confusion,Valium;Assival,Benzodiazepine,Anxiolytic;Sedative-Hypnotic,true,High risk of dependence;Avoid alcohol;Do not stop abruptly
Alprazolam,0.5 mg,2-3 times daily,Anxiety;Panic disorder,Drowsiness;Dizziness;Dependence;Withdrawal symptoms,Xanax;Alprox,Benzodiazepine,Anxiolytic,true,High abuse potential;Short-term use only;Severe withdrawal symptoms
Clonazepam,0.5 mg,2 times daily,Seizures;Panic disorder,Drowsiness;Dizziness;Dependence;Unsteadiness,Rivotril;Petril,Benzodiazepine,Anticonvulsant;Anxiolytic,true,Risk of dependence;Do not stop abruptly;Avoid alcohol
Levothyroxine,50 mcg,Once daily on empty stomach,Hypothyroidism,Palpitations;Weight loss;Insomnia,Eltroxin;Synthroid,Thyroid hormone,Thyroid Hormone,false,Take 30-60 mins before food;Do not take with calcium/iron
Warfarin,5 mg,Once daily,Blood clot prevention;Atrial fibrillation,Bleeding;Easy bruising;Hair loss,Coumadin;Marevan,Coumarin derivative,Anticoagulant,false,Requires regular blood (INR) monitoring;Many drug and food interactions
Clopidogrel,75 mg,Once daily,Prevention of heart attacks and strokes,Bleeding;Easy bruising;Rash,Plavix;Clopilet,Thienopyridine,Antiplatelet,false,Risk of bleeding;May need genetic testing for efficacy
Metoprolol,50 mg,2 times daily,High blood pressure;Angina;Heart failure,Slow heart rate;Fatigue;Cold hands and feet,Betaloc;Lopressor,Selective beta-1 blocker,Antihypertensive;Beta-blocker,false,Do not stop abruptly;Caution in asthma;Mask hypoglycemia symptoms
Propranolol,40 mg,2 times daily,High blood pressure;Migraine prevention;Anxiety,Slow heart rate;Fatigue;Cold hands and feet;Wheezing,Inderal;Stens,Non-selective beta blocker,Antihypertensive;Beta-blocker,false,Contraindicated in asthma;Do not stop abruptly
Spironolactone,25 mg,Once daily,Heart failure;High blood pressure;Edema,High potassium;Breast tenderness;Menstrual irregularities,Aldactone;Spirotone,Steroidal aldosterone antagonist,Potassium-sparing Diuretic,false,Monitor potassium levels;Can cause hyperkalemia;Avoid potassium supplements
Furosemide,40 mg,Once daily,Edema;Heart failure;High blood pressure,Low potassium;Dehydration;Dizziness,Lasix;Fruse,Loop diuretic,Diuretic,false,Monitor electrolytes;Can cause dehydration;Take in morning
Tramadol,50 mg,Every 4-6 hours,Moderate to severe pain,Nausea;Dizziness;Drowsiness;Seizures;Dependence,Tramal;Contramal,Opioid agonist,Analgesic,true,Risk of dependence and abuse;Avoid alcohol;Do not drive
Pregabalin,75 mg,2 times daily,Neuropathic pain;Anxiety;Fibromyalgia,Dizziness;Drowsiness;Weight gain;Blurred vision,Lyrica;Pregalin,Gamma-aminobutyric acid analogue,Anticonvulsant;Analgesic,false,Do not stop abruptly;May cause drowsiness;Risk of dependence
Gabapentin,300 mg,3 times daily,Neuropathic pain;Seizures,Dizziness;Drowsiness;Fatigue;Swelling,Neurontin;Gabatin,Gamma-aminobutyric acid analogue,Anticonvulsant;Analgesic,false,Do not stop abruptly;May cause drowsiness
Allopurinol,100 mg,Once daily,Gout;High uric acid,Skin rash;Nausea;Liver enzyme elevation,Zyloric;Alloprin,Xanthine oxidase inhibitor,Antigout,false,Drink plenty of fluids;May cause severe skin reaction;Start with low dose
Colchicine,0.5 mg,2 times daily (acute gout),Acute gout attacks;Familial Mediterranean fever,Diarrhea;Nausea;Vomiting;Bone marrow suppression,Colchicum;Colcryx,Colchicum alkaloid,Antigout,false,Do not exceed recommended dose;Risk of toxicity;Monitor for side effects
Methotrexate,10 mg,Once weekly,Rheumatoid arthritis;Psoriasis;Some cancers,Nausea;Mouth ulcers;Liver damage;Low blood counts,Trexall;Metject,Antimetabolite,DMARD,false,Requires regular blood monitoring;Take folic acid supplement;Avoid alcohol
Sulfasalazine,500 mg,2 times daily,Rheumatoid arthritis;Ulcerative colitis,Nausea;Headache;Loss of appetite;Orange urine,Salazopyrin;Azulfidine,Sulfonamide,DMARD;Anti-inflammatory,false,Drink plenty of water;May cause sun sensitivity;Monitor blood counts
Finasteride,5 mg,Once daily,Benign prostatic hyperplasia (BPH);Hair loss,Decreased libido;Erectile dysfunction;Breast tenderness,Proscar;Propecia,5-alpha-reductase inhibitor,Antiandrogen,false,Not for use in women;Pregnant women should not handle crushed tablets;Effects reversible on discontinuation
Tamsulosin,0.4 mg,Once daily,Benign prostatic hyperplasia (BPH),Dizziness;Retrograde ejaculation;Low blood pressure,Flomax;Urimax,Selective alpha-1 blocker,Alpha blocker,false,Can cause dizziness;Take after same meal each day;Not for hypertension
Sildenafil,50 mg,As needed (before activity),Erectile dysfunction,Headache;Flushing;Upset stomach;Visual changes,Viagra;Revatio,Phosphodiesterase type 5 inhibitor,Erectile Dysfunction Agent,false,Contraindicated with nitrates;Risk of priapism;Not for cardiovascular use
Tadalafil,10 mg,As needed (before activity),Erectile dysfunction;BPH,Headache;Indigestion;Back pain;Muscle aches,Cialis;Tadalis,Phosphodiesterase type 5 inhibitor,Erectile Dysfunction Agent,false,Contraindicated with nitrates;Longer duration of action
Dutasteride,0.5 mg,Once daily,Benign prostatic hyperplasia (BPH),Decreased libido;Erectile dysfunction;Breast enlargement,Avodart;Dutas,5-alpha-reductase inhibitor,Antiandrogen,false,Not for use in women;Pregnant women should not handle crushed tablets
Mebeverine,135 mg,3 times daily,Irritable bowel syndrome (IBS);Abdominal cramps,Nausea;Headache;Dizziness,Colofac;Duspatalin,Musculotropic antispasmodic,Antispasmodic,false,Take before meals;Not for glaucoma
Hyoscine Butylbromide,10 mg,3 times daily,Abdominal cramps;Irritable bowel syndrome,Dry mouth;Blurred vision;Difficulty urinating,Buscopan;Scopan,Anticholinergic,Antispasmodic,false,Contraindicated in glaucoma;Myasthenia gravis
Orlistat,120 mg,3 times daily with meals,Obesity;Weight management,Oily spotting;Flatulence;Fecal urgency;Fatty stools,Xenical;Alli,Gastrointestinal lipase inhibitor,Antiobesity,false,Follow a reduced-calorie, low-fat diet;Take a multivitamin
Metronidazole,500 mg,3 times daily,Parasitic infections;Anaerobic infections;Amebiasis,Nausea;Metallic taste;Dark urine;Disulfiram-like reaction,Flagyl;Entozole,Nitroimidazole antibiotic,Antibiotic;Antiprotozoal,false,Avoid alcohol during and after treatment;Can cause peripheral neuropathy
Tinidazole,500 mg,Once daily,Giardiasis;Amebiasis;Anaerobic infections,Nausea;Metallic taste;Vomiting;Dizziness,Fasigyn;Tindamax,Nitroimidazole antibiotic,Antibiotic;Antiprotozoal,false,Avoid alcohol during treatment;Take with food
Albendazole,400 mg,Once daily (may repeat),Threadworm;Roundworm;Hydatid disease,Abdominal pain;Nausea;Headache;Dizziness,Zentel;Albenza,Benzimidazole,Anthelmintic,false,May need repeated doses;Take with fatty meal for better absorption
Mebendazole,100 mg,Once (may repeat in 2 weeks),Threadworm;Roundworm;Hookworm,Abdominal pain;Diarrhea;Rarely liver enzyme elevation,Vermox;Antiox,Benzimidazole,Anthelmintic,false,Chewable tablet;May need to treat whole family
Ferrous Sulfate,325 mg,Once daily,Iron deficiency anemia,Constipation;Black stools;Upset stomach;Nausea,Fero-Grad;Ironorm,Iron Salt,Iron Supplement,false,Take on empty stomach for best absorption;May cause constipation;Can take with Vitamin C
Folic Acid,5 mg,Once daily,Folate deficiency;Prevention in pregnancy,None known,Folvite;Acidapin,Folate derivative,Vitamin Supplement,false,Important in pregnancy to prevent neural tube defects
Calcium Carbonate,500 mg,2-3 times daily,Calcium supplement;Antacid,Constipation;Gas;Belching,Caltrate;Tums,Calcium salt,Mineral Supplement;Antacid,false,May interfere with absorption of other drugs;Take separately
Vitamin D3,1000 IU,Once daily,Vitamin D deficiency;Bone health,Nausea;Constipation;Weakness,D-Cure;Vidrop,Secosteroid,Vitamin Supplement,false,Monitor levels in deficiency;Take with fatty meal for absorption
Multivitamin,1 tablet,Once daily,Nutritional supplementation,Allergic reactions;Upset stomach,Supradyn;Centrum,Vitamin and Mineral Combination,Vitamin Supplement,false,Not a substitute for a balanced diet
Prednisolone,5 mg,Dose varies by condition,Inflammation;Allergies;Autoimmune disorders,Increased appetite;Weight gain;Mood changes;High blood sugar,Cortancyl;Deltacortene,Corticosteroid,Corticosteroid,false,Do not stop abruptly;Take with food;Monitor blood sugar and blood pressure
Dexamethasone,0.5 mg,Dose varies by condition,Inflammation;Severe allergies;Nausea from chemotherapy,Increased appetite;Insomnia;Mood changes;High blood sugar,Decadron;Dexazone,Corticosteroid,Corticosteroid,false,Do not stop abruptly;Single morning dose to reduce insomnia
Betamethasone Dipropionate Cream,0.05%,Apply 1-2 times daily,Inflammatory skin conditions (eczema, psoriasis),Skin thinning;Stretch marks;Burning,Diprosone;Celestoderm,Corticosteroid,Topical Corticosteroid,false,Use sparingly;Do not use on face long-term;For external use only
Hydrocortisone Cream 1%,1%,Apply 2-3 times daily,Mild inflammatory skin conditions;Itching;Rashes,Mild skin irritation;Thinning with long-term use,Cortaid;Efcortelan,Corticosteroid,Topical Corticosteroid,false,For short-term use;Avoid on broken skin;For external use only
Clotrimazole Cream 1%,1%,Apply 2 times daily,Fungal skin infections (ringworm, athlete's foot),Mild burning;Itching;Redness,Canesten;Clocip,Imidazole antifungal,Topical Antifungal,false,Continue treatment for 2 weeks after symptoms disappear;Keep area clean and dry
Miconazole Nitrate Cream 2%,2%,Apply 2 times daily,Fungal skin infections;Vaginal candidiasis,Itching;Burning;Irritation,Daktarin;Micatin,Imidazole antifungal,Topical Antifungal,false,Complete full course;For external use only
Ketoconazole Shampoo 2%,2%,Use 2 times a week,Dandruff;Seborrheic dermatitis;Tinea versicolor,Hair loss (temporary);Dryness;Irritation,Nizoral;Ketzol,Imidazole antifungal,Antifungal Shampoo,false,Avoid contact with eyes;Leave on scalp for 3-5 minutes before rinsing
Salicylic Acid Ointment,3%,Apply 1-2 times daily,Warts;Psoriasis;Calluses,Skin irritation;Redness;Dryness,Salitop;Saliva,Keratolytic,Keratolytic,false,For external use only;Avoid on inflamed skin or open wounds
Benzoyl Peroxide Gel,5%,Apply once daily,Acne,Dryness;Redness;Peeling;Bleaching of fabric,Benzac;Acnederm,Organic peroxide,Anti-acne,false,Start with lower strength;May cause initial breakout;Sun sensitivity
Adapalene Gel,0.1%,Apply once at night,Acne,Skin dryness;Redness;Peeling;Irritation,Differin;Adaplex,Retinoid,Anti-acne,false,Use pea-sized amount;Avoid sun;Use sunscreen;Not for use in pregnancy
Erythromycin,250 mg,4 times daily,Bacterial infections;Acne,Nausea;Diarrhea;Abdominal pain,Erythrocin;Eryacne,Macrolide,Antibiotic,false,Take on empty stomach;Can cause GI upset;Monitor liver function
Clarithromycin,500 mg,2 times daily,Bacterial infections;H. pylori eradication,Nausea;Diarrhea;Metallic taste;Headache,Klaricid;Claribid,Macrolide,Antibiotic,false,Take with food;Many drug interactions;Monitor liver function
Levofloxacin,500 mg,Once daily,Respiratory infections;Urinary tract infections,Nausea;Diarrhea;Tendon rupture;Photosensitivity,Levoxin;Tavanic,Fluoroquinolone,Antibiotic,false,Avoid in children;Risk of tendon damage;Stay hydrated
Doxycycline,100 mg,2 times daily,Acne;Malaria prevention;Respiratory infections,Upset stomach;Photosensitivity;Tooth discoloration,Vibramycin;Doxylin,Tetracycline,Antibiotic,false,Take with food;Avoid dairy;Use sunscreen;Not in pregnancy
Cephalexin,500 mg,4 times daily,Bacterial infections;Skin infections,Diarrhea;Nausea;Allergic reactions,Keflex;Ceporex,Cephalosporin,Antibiotic,false,Take with food;Caution in penicillin allergy
Trimethoprim/Sulfamethoxazole,80/400 mg,2 times daily,Urinary tract infections;Respiratory infections,Nausea;Vomiting;Skin rash;Blood disorders,Septrin;Bactrim,Sulfonamide antibiotic,Antibiotic,false,Drink plenty of water;May cause sun sensitivity;Monitor blood counts
Nitrofurantoin,100 mg,4 times daily,Urinary tract infections,Nausea;Loss of appetite;Lung toxicity (long-term),Macrodantin;Furadantin,Nitrofuran derivative,Antibiotic,false,Take with food;Contraindicated in renal impairment
Vancomycin,125 mg,4 times daily,Severe bacterial infections;C. difficile,Kidney damage;Hearing loss;Red man syndrome,Vancocin;Vancomycin,Glycopeptide antibiotic,Antibiotic,false,Monitor blood levels;IV administration for systemic infections
Acyclovir,200 mg,5 times daily,Herpes simplex;Chickenpox;Shingles,Nausea;Diarrhea;Headache;Kidney damage (IV),Zovirax;Acivir,Nucleoside analogue,Antiviral,false,Start early for best effect;Stay hydrated
Valacyclovir,500 mg,2 times daily,Herpes outbreaks;Shingles,Headache;Nausea;Dizziness,Valtrex;Valtrex,Nucleoside analogue,Antiviral,false,Start at first sign of outbreak;Stay hydrated
Oseltamivir,75 mg,2 times daily for 5 days,Influenza (Flu),Nausea;Vomiting;Headache;Rare neuropsychiatric events,Tamiflu;Oseltam,Neuraminidase inhibitor,Antiviral,false,Start within 48 hours of symptom onset;Effectiveness may vary
Ribavirin,200 mg,2 times daily,Hepatitis C;RSV infection,Anemia;Birth defects;Cough;Insomnia,Rebetol;Copegus,Nucleoside analogue,Antiviral,false,Highly teratogenic;Use two forms of contraception;Monitor blood counts
Interferon alfa,3 million IU,3 times weekly,Hepatitis B and C;Certain cancers,Flu-like symptoms;Fatigue;Depression;Low blood counts,Intron A;Roferon-A,Interferon,Immunomodulator,false,Monitor for depression;Regular blood tests needed
Lamivudine,100 mg,Once daily,Hepatitis B;HIV,Nausea;Headache;Fatigue;Lactic acidosis,Epivir;Heptodin,Nucleoside reverse transcriptase inhibitor,Antiviral,false,Not a cure for hepatitis B;Monitor liver function
Tenofovir,300 mg,Once daily,Hepatitis B;HIV,Nausea;Diarrhea;Kidney damage;Bone loss,Viread;Tenvir,Nucleotide reverse transcriptase inhibitor,Antiviral,false,Monitor renal function and bone density
Entecavir,0.5 mg,Once daily,Hepatitis B,Headache;Fatigue;Dizziness;Lactic acidosis,Baraclude;Entavir,Nucleoside analogue,Antiviral,false,Not a cure for hepatitis B;Monitor liver function
Sofosbuvir,400 mg,Once daily,Hepatitis C,Fatigue;Headache;Nausea,Sovaldi;Sofovir,Nucleotide analogue,Antiviral,false,Used in combination with other drugs;Monitor liver function
Ledipasvir/Sofosbuvir,90/400 mg,Once daily,Hepatitis C,Fatigue;Headache;Nausea,Harvoni;Ledifos,Nucleotide/NSS5A inhibitor combination,Antiviral,false,High cure rate;Take with or without food
Daclatasvir,60 mg,Once daily,Hepatitis C,Headache;Fatigue;Nausea,Daklinza;Daclavir,NSS5A inhibitor,Antiviral,false,Used in combination with other antivirals;Take with or without food
Ritonavir,100 mg,2 times daily,HIV (boosts other antivirals),Nausea;Diarrhea;Tingling;High cholesterol,Norvir;Riton,Protease inhibitor,Antiviral,false,Many drug interactions;Take with food
Lopinavir/Ritonavir,200/50 mg,2 times daily,HIV,Diarrhea;Nausea;High cholesterol;High blood sugar,Kaletra;Aluvia,Protease inhibitor combination,Antiviral,false,Take with food;Monitor lipids and blood sugar
Efavirenz,600 mg,Once at night,HIV,Dizziness;Insomnia;Rash;Psychiatric symptoms,Sustiva;Efavirenz,Non-nucleoside reverse transcriptase inhibitor,Antiviral,false,Take on empty stomach;Avoid during pregnancy;Monitor mental health
Nevirapine,200 mg,2 times daily,HIV,Skin rash;Liver damage;Fever,Viramune;Neviral,Non-nucleoside reverse transcriptase inhibitor,Antiviral,false,Monitor for severe skin reactions;Check liver enzymes
Raltegravir,400 mg,2 times daily,HIV,Insomnia;Headache;Muscle pain,Isentress;Ralt,Integrase inhibitor,Antiviral,false,Can be taken with or without food;Generally well-tolerated
Dolutegravir,50 mg,Once daily,HIV,Insomnia;Headache;Increased creatine kinase,Tivicay;Doluteg,Integrase inhibitor,Antiviral,false,Take with or without food;Monitor for mood changes
Atazanavir,300 mg,Once daily,HIV,Jaundice;Kidney stones;Heart rhythm changes,Reyataz;Ataza,Protease inhibitor,Antiviral,false,Take with food;Monitor bilirubin and ECG
Darunavir,600 mg,2 times daily,HIV,Diarrhea;Nausea;Headache;Rash,Prezista;Daru,Protease inhibitor,Antiviral,false,Take with food;Must be boosted with ritonavir
Rilpivirine,25 mg,Once daily,HIV,Depression;Insomnia;Headache;Rash,Edurant;Rilpi,Non-nucleoside reverse transcriptase inhibitor,Antiviral,false,Take with a meal;Not for patients with high viral load
Bictegravir/Emtricitabine/Tenofovir,50/200/25 mg,Once daily,HIV,Headache;Diarrhea;Nausea,Biktarvy;Bicte,Fixed-dose combination,Antiviral,false,Generally well-tolerated;Monitor renal function
Abacavir,300 mg,2 times daily,HIV,Nausea;Headache;Fatigue;Hypersensitivity reaction,Ziagen;Abac,Non-nucleoside reverse transcriptase inhibitor,Antiviral,false,Screen for HLA-B*5701 allele to avoid hypersensitivity;Do not restart if reaction occurs
Zidovudine,300 mg,2 times daily,HIV,Anemia;Nausea;Headache;Lipodystrophy,Retrovir;Zidovudine,Nucleoside reverse transcriptase inhibitor,Antiviral,false,Monitor blood counts;Can cause lactic acidosis
Stavudine,40 mg,2 times daily,HIV,Peripheral neuropathy;Pancreatitis;Lipodystrophy,Zerit;Stavudine,Nucleoside reverse transcriptase inhibitor,Antiviral,false,Use only if no alternatives;Monitor for toxicity
Didanosine,400 mg,Once daily,HIV,Pancreatitis;Peripheral neuropathy;Lactic acidosis,Videx;Didanosine,Nucleoside reverse transcriptase inhibitor,Antiviral,false,Take on empty stomach;Monitor for pancreatitis
Emtricitabine,200 mg,Once daily,HIV;Hepatitis B,Headache;Diarrhea;Skin hyperpigmentation,Emtriva;Emcure,Nucleoside reverse transcriptase inhibitor,Antiviral,false,Also active against hepatitis B;Generally well-tolerated
Ceftriaxone,1 gm,Once daily,Severe bacterial infections;Meningitis;Gonorrhea,Diarrhea;Allergic reactions;Pain at injection site,Rocephin;Ceftrix,Cephalosporin,Antibiotic,false,Monitor for bleeding tendency;Adjust dose in renal impairment
Gentamicin,80 mg,2-3 times daily,Severe bacterial infections;Septicemia,Kidney damage;Hearing loss;Dizziness,Garamycin;Genticyn,Aminoglycoside,Antibiotic,false,Monitor blood levels;Risk of nephrotoxicity and ototoxicity
Meropenem,1 gm,3 times daily,Severe bacterial infections;Intra-abdominal infections,Seizures;Diarrhea;Allergic reactions,Merrem;Meronem,Carbapenem,Antibiotic,false,Use with caution in CNS disorders;Adjust dose in renal impairment
Linezolid,600 mg,2 times daily,Resistant bacterial infections;MRSA,Bone marrow suppression;Peripheral neuropathy;Serotonin syndrome,Zyvox;Linzolid,Oxazolidinone,Antibiotic,false,Monitor blood counts;Avoid tyramine-rich foods
Clindamycin,300 mg,4 times daily,Bacterial infections;Acne;Dental infections,Diarrhea;C. difficile infection;Nausea,Cleocin;Dalacin,Lincosamide,Antibiotic,false,High risk of C. diff;Discontinue if severe diarrhea occurs
Chloramphenicol,250 mg,4 times daily,Severe infections;Typhoid fever,Bone marrow suppression;Gray baby syndrome,Chloromycetin;Kemicetine,Amphenicol,Antibiotic,false,Monitor blood counts;Reserve for serious infections
Tetracycline,250 mg,4 times daily,Acne;Cholera;Lyme disease,Tooth discoloration;Photosensitivity;Liver damage,Achromycin;Tetracyn,Tetracycline,Antibiotic,false,Avoid in pregnancy and children;Use sunscreen
Colistin,1 million units,3 times daily,Resistant Gram-negative infections,Kidney damage;Neurotoxicity;Dizziness,Coly-Mycin;Polymyxin E,Polymyxin,Antibiotic,false,Monitor renal function;Reserve for multidrug-resistant infections
Fosfomycin,3 gm,Single dose,Uncomplicated urinary tract infections,Diarrhea;Nausea;Headache,Monurol;Fomycin,Phosphonic acid derivative,Antibiotic,false,Single dose administration;Take on empty stomach
Rifampicin,600 mg,Once daily,Tuberculosis;Leprosy,Orange-colored body fluids;Liver damage;Flu-like symptoms,Rifadin;Rimactane,Rifamycin,Antibiotic,false,Many drug interactions;Monitor liver function
Isoniazid,300 mg,Once daily,Tuberculosis,Liver damage;Peripheral neuropathy;Hepatitis,Rimifon;Isovit,Hydrazide derivative,Antitubercular,false,Give with pyridoxine;Monitor liver enzymes
Pyrazinamide,1500 mg,Once daily,Tuberculosis,Liver damage;Joint pain;Hyperuricemia,PZA;Pyrazinamide,Nicotinamide analogue,Antitubercular,false,Monitor liver function and uric acid levels
Ethambutol,1200 mg,Once daily,Tuberculosis,Eye damage;Color vision changes;Peripheral neuropathy,Myambutol;EMB,Ethylenediamine derivative,Antitubercular,false,Monitor visual acuity and color discrimination
Streptomycin,1 gm,Once daily,Tuberculosis;Plague,Hearing loss;Dizziness;Kidney damage,Streptomycin;Estreptomicina,Aminoglycoside,Antibiotic,false,Monitor vestibular and auditory function;Adjust dose in renal impairment
Capreomycin,1 gm,Once daily,Drug-resistant tuberculosis,Kidney damage;Hearing loss;Electrolyte imbalances,Capastat;Capreomycin,Polypeptide antibiotic,Antitubercular,false,Monitor renal function and hearing;Inject deeply IM
Cycloserine,250 mg,2 times daily,Drug-resistant tuberculosis,Psychosis;Seizures;Headache;Dizziness,Seromycin;Cyclomycin,Isoniazide derivative,Antitubercular,false,Monitor for neurological symptoms;Avoid alcohol
Para-aminosalicylic acid,4 gm,3 times daily,Drug-resistant tuberculosis,GI upset;Liver damage;Hypothyroidism,PAS;Aminosalicylic acid,Aminobenzoic acid derivative,Antitubercular,false,Take with food;Monitor thyroid function
Bedaquiline,400 mg,Once daily,Multidrug-resistant tuberculosis,Nausea;Joint pain;QT prolongation,Sirturo;Tbiquin,Diarylquinoline,Antitubercular,false,Monitor ECG;Use with caution in cardiac disease
Delamanid,100 mg,2 times daily,Multidrug-resistant tuberculosis,QT prolongation;Headache;Insomnia,Deltyba;Delamanid,Nitroimidazole,Antitubercular,false,Monitor ECG;Use in combination therapy
Clofazimine,100 mg,Once daily,Leprosy;Multidrug-resistant TB,Skin discoloration;GI upset;Dry skin,Lamprene;Clofazimine,Riminophenazine,Antileprotic,false,Skin discoloration reversible but may take months to fade
Dapsone,100 mg,Once daily,Leprosy;Pneumocystis pneumonia,Hemolytic anemia;Methemoglobinemia;Rash,DDS;Avlosulfon,Sulfone,Antileprotic,false,Monitor blood counts;Contraindicated in G6PD deficiency
Thalidomide,100 mg,Once daily,Leprosy reactions;Multiple myeloma,Birth defects;Peripheral neuropathy;Drowsiness,Thalomid;Talide,Immunomodulatory drug,Antileprotic,false,Strict pregnancy prevention;Required for PPP program
Acyclovir Ointment,5%,Apply 5 times daily,Herpes labialis;Genital herpes,Burning;Stinging;Itching,Zovirax ointment;Acivir cream,Nucleoside analogue,Antiviral,false,Start at earliest symptoms;For external use only
Ganciclovir,5 mg/kg,2 times daily,CMV retinitis;Bone marrow suppression;Kidney damage,Cymevene;Cytovene,Nucleoside analogue,Antiviral,false,Monitor blood counts;Teratogenic;Handle with care
Valganciclovir,900 mg,2 times daily,CMV retinitis;Bone marrow suppression;Kidney damage,Valcyte;Valgan,Nucleoside analogue,Antiviral,false,Monitor blood counts;Take with food
Foscarnet,60 mg/kg,3 times daily,CMV retinitis;Resistant herpes,Kidney damage;Electrolyte imbalances;Seizures,Foscavir;Foscarnet,Pyrophosphate analogue,Antiviral,false,Monitor renal function and electrolytes;Hydrate well
Cidofovir,5 mg/kg,Once weekly,CMV retinitis;Kidney damage;Eye inflammation,Viside;Cidovir,Nucleotide analogue,Antiviral,false,Give with probenecid;Monitor renal function strictly
Rimantadine,100 mg,2 times daily,Influenza A,Nausea;Insomnia;Dizziness,Flumadine;Rimantadine,Adamantane derivative,Antiviral,false,Not effective against influenza B;Start within 48 hours of symptoms
Zanamivir,10 mg,2 times daily for 5 days,Influenza,Bronchospasm;Allergic reactions;Headache,Relenza;Zanam,Neuraminidase inhibitor,Antiviral,false,Not for underlying respiratory disease;Use inhaler properly
Peramivir,600 mg,Single dose,Influenza,Diarrhea;Rash;Increased liver enzymes,Rapivab;Peram,Neuraminidase inhibitor,Antiviral,false,Single IV dose;Monitor for hypersensitivity
Baloxavir marboxil,40 mg,Single dose,Influenza,Diarrhea;Bronchitis;Headache,Xofluza;Baloxavir,Cap-dependent endonuclease inhibitor,Antiviral,false,Single oral dose;Take within 48 hours of symptoms
Letermovir,480 mg,Once daily,CMV prevention in transplant,Bone marrow suppression;Breathing problems;Swelling,Prevymis;Leterm,Terminase complex inhibitor,Antiviral,false,Many drug interactions;Monitor blood counts
Maraviroc,300 mg,2 times daily,HIV (CCR5-tropic),Liver damage;Allergic reactions;Cough,Selzentry;Maraviroc,CCR5 receptor antagonist,Antiviral,false,Must test for CCR5 tropism;Monitor for hepatotoxicity
Enfuvirtide,90 mg,2 times daily,HIV,Injection site reactions;Pneumonia;Diarrhea,Fuzeon;Enfuvirtide,Fusion inhibitor,Antiviral,false,Subcutaneous injection;Rotate injection sites
Ibalizumab,800 mg,Every 2 weeks,Multidrug-resistant HIV,Rash;Diarrhea;Dizziness,Trogarzo;Ibalizumab,Monoclonal antibody,Antiviral,false,IV infusion;Must use with other active agents
Fostemsavir,600 mg,2 times daily,Multidrug-resistant HIV,Nausea;Headache;Rash,Rukobia;Fostemsavir,Attachment inhibitor,Antiviral,false,Monitor for immune reconstitution syndrome
Doravirine,100 mg,Once daily,HIV,Dizziness;Abnormal dreams;Fatigue,Pifeltro;Doravir,Non-nucleoside reverse transcriptase inhibitor,Antiviral,false,Take with or without food;Monitor liver enzymes
Rilpivirine,25 mg,Once daily,HIV,Depression;Insomnia;Rash;Headache,Edurant;Rilpi,Non-nucleoside reverse transcriptase inhibitor,Antiviral,false,Must take with a meal;Not for high viral load
Cabotegravir,600 mg,Every 4 weeks,HIV prevention;Injection site reactions;Headache;Fever,Apretude;Cabotegravir,Integrase inhibitor,Antiviral,false,Long-acting injectable;Confirm HIV-negative before initiation
Rilpivirine/Cabotegravir,600/400 mg,Monthly injection,HIV;Injection site reactions;Headache;Fever,Cabenuva;Rilpigen,Long-acting combination,Antiviral,false,Monthly or bimonthly injections;Must be administered by healthcare professional
Isentress,400 mg,2 times daily,HIV,Insomnia;Headache;Muscle pain,Raltegravir;Ralt,Integrase inhibitor,Antiviral,false,Can be taken with or without food;Generally well-tolerated
Tivicay,50 mg,Once daily,HIV,Insomnia;Headache;Increased creatine kinase,Dolutegravir;Dolut,Integrase inhibitor,Antiviral,false,Take with or without food;Monitor for mood changes
Triumeq,1 tablet,Once daily,HIV,Insomnia;Headache;Nausea;Dizziness,Abacavir/Dolutegravir/Lamivudine,Fixed-dose combination,Antiviral,false,Screen for HLA-B*5701 before use;Monitor for hypersensitivity
Genvoya,1 tablet,Once daily,HIV,Headache;Diarrhea;Nausea,Elvitegravir/Cobicistat/Emtricitabine/Tenofovir,Fixed-dose combination,Antiviral,false,Monitor renal function;Take with food
Biktarvy,1 tablet,Once daily,HIV,Headache;Diarrhea;Nausea,Bictegravir/Emtricitabine/Tenofovir,Fixed-dose combination,Antiviral,false,Generally well-tolerated;Monitor renal function
Descovy,1 tablet,Once daily,HIV prevention;PrEP,Headache;Diarrhea;Nausea,Emtricitabine/Tenofovir,Fixed-dose combination,Antiviral,false,Confirm HIV-negative before initiation;Monitor renal function
Truvada,1 tablet,Once daily,HIV prevention;PrEP,Headache;Diarrhea;Nausea,Emtricitabine/Tenofovir,Fixed-dose combination,Antiviral,false,Confirm HIV-negative;Monitor renal function and bone density
Atripla,1 tablet,Once daily,HIV,Dizziness;Abnormal dreams;Rash,Efavirenz/Emtricitabine/Tenofovir,Fixed-dose combination,Antiviral,false,Take on empty stomach;Monitor for neuropsychiatric effects
Complera,1 tablet,Once daily,HIV,Dizziness;Depression;Rash,Rilpivirine/Emtricitabine/Tenofovir,Fixed-dose combination,Antiviral,false,Must take with a meal;Not for high viral load
Stribild,1 tablet,Once daily,HIV,Nausea;Diarrhea;Headache,Elvitegravir/Cobicistat/Emtricitabine/Tenofovir,Fixed-dose combination,Antiviral,false,Take with food;Monitor renal function
Odefsey,1 tablet,Once daily,HIV,Dizziness;Depression;Headache,Rilpivirine/Emtricitabine/Tenofovir,Fixed-dose combination,Antiviral,false,Take with a meal;Monitor for depression
Symtuza,1 tablet,Once daily,HIV,Nausea;Diarrhea;Rash,Darunavir/Cobicistat/Emtricitabine/Tenofovir,Fixed-dose combination,Antiviral,false,Take with food;Monitor liver enzymes
Dovato,1 tablet,Once daily,HIV,Headache;Diarrhea;Nausea,Dolutegravir/Lamivudine,Fixed-dose combination,Antiviral,false,Two-drug regimen;Monitor for mood changes
Juluca,1 tablet,Once daily,HIV,Headache;Diarrhea;Nausea,Dolutegravir/Rilpivirine,Fixed-dose combination,Antiviral,false,Two-drug regimen;Take with a meal
Bisoprolol,5 mg,Once daily,High blood pressure;Heart failure,Fatigue;Cold extremities;Slow heart rate,Concor;Cardicor,Selective beta-1 blocker,Antihypertensive,false,Do not stop abruptly;Caution in asthma
Valsartan,80 mg,Once daily,High blood pressure;Heart failure,Dizziness;High potassium;Low blood pressure,Diovan;Valtan,Angiotensin II receptor blocker,Antihypertensive,false,Contraindicated in pregnancy;Monitor potassium
Carvedilol,25 mg,2 times daily,High blood pressure;Heart failure,Fatigue;Dizziness;Weight gain,Dilatrend;Carvil,Non-selective beta blocker,Antihypertensive,false,Take with food;Monitor for worsening heart failure
Nebivolol,5 mg,Once daily,High blood pressure,Fatigue;Headache;Dizziness,Nebilet;Nebicard,Selective beta-1 blocker,Antihypertensive,false,May cause erectile dysfunction;Do not stop suddenly
Verapamil,80 mg,3 times daily,High blood pressure;Angina;Arrhythmias,Constipation;Headache;Low blood pressure,Isoptin;Verapamil,Calcium channel blocker,Antihypertensive,false,Avoid grapefruit juice;Monitor heart rate
Diltiazem,90 mg,Once daily,High blood pressure;Angina,Headache;Swelling;Dizziness,Cardizem;Dilzem,Calcium channel blocker,Antihypertensive,false,Do not crush sustained-release forms;Monitor liver function
Enalapril,10 mg,Once daily,High blood pressure;Heart failure,Dry cough;Dizziness;High potassium,Renitec;Enapril,ACE inhibitor,Antihypertensive,false,Monitor renal function;Contraindicated in pregnancy
Ramipril,5 mg,Once daily,High blood pressure;Heart failure,Dry cough;Dizziness;Headache,Tritace;Ramipril,ACE inhibitor,Antihypertensive,false,Take before food;Monitor kidney function
Quinapril,20 mg,Once daily,High blood pressure;Heart failure,Dry cough;Dizziness;Fatigue,Accupril;Quinapril,ACE inhibitor,Antihypertensive,false,Contraindicated in pregnancy;Monitor for angioedema
Perindopril,4 mg,Once daily,High blood pressure;Heart failure,Dry cough;Headache;Dizziness,Coversyl;Prestarium,ACE inhibitor,Antihypertensive,false,Take in morning;Monitor renal function
Telmisartan,40 mg,Once daily,High blood pressure,Dizziness;Back pain;Diarrhea,Micardis;Telma,Angiotensin II receptor blocker,Antihypertensive,false,Contraindicated in pregnancy;May take with food
Irbesartan,150 mg,Once daily,High blood pressure;Diabetic nephropathy,Dizziness;Muscle pain;Fatigue,Aprovel;Irbesartan,Angiotensin II receptor blocker,Antihypertensive,false,Monitor potassium;Contraindicated in pregnancy
Candesartan,8 mg,Once daily,High blood pressure,Dizziness;Headache;Respiratory infections,Atacand;Candesar,Angiotensin II receptor blocker,Antihypertensive,false,Take with or without food;Monitor renal function
Olmesartan,20 mg,Once daily,High blood pressure,Dizziness;Headache;Diarrhea,Benicar;Olmetec,Angiotensin II receptor blocker,Antihypertensive,false,Contraindicated in pregnancy;Monitor for sprue-like enteropathy
Eplerenone,50 mg,Once daily,Heart failure;High blood pressure,High potassium;Dizziness;Breast tenderness,Inspra;Eplerenone,Selective aldosterone blocker,Antihypertensive,false,Monitor potassium regularly;Avoid potassium supplements
Terazosin,5 mg,Once at night,High blood pressure;BPH,Dizziness;Weakness;Nasal congestion,Hytrin;Terazosin,Alpha-1 blocker,Antihypertensive,false,First dose may cause syncope;Take at bedtime
Prazosin,2 mg,2-3 times daily,High blood pressure,Dizziness;Headache;Palpitations,Minipress;Prazosin,Alpha-1 blocker,Antihypertensive,false,First dose effect common;Rise slowly from sitting position
Doxazosin,4 mg,Once daily,High blood pressure;BPH,Dizziness;Fatigue;Edema,Cardura;Doxazosin,Alpha-1 blocker,Antihypertensive,false,Take at bedtime;Monitor for orthostatic hypotension
Reserpine,0.1 mg,Once daily,High blood pressure,Nasal congestion;Depression;Diarrhea,Serpasil;Reserpine,Rauwolfia alkaloid,Antihypertensive,false,May cause depression;Avoid in peptic ulcer disease
Methyldopa,250 mg,2-3 times daily,High blood pressure in pregnancy,Drowsiness;Dry mouth;Liver damage,Aldomet;Methyldopa,Centrally acting alpha-2 agonist,Antihypertensive,false,Monitor liver function;May cause positive Coombs test
Clonidine,0.1 mg,2 times daily,High blood pressure,Dry mouth;Drowsiness;Rebound hypertension,Catapres;Clonidine,Centrally acting alpha-2 agonist,Antihypertensive,false,Do not stop abruptly;Monitor for rebound hypertension
Moxonidine,0.2 mg,Once daily,High blood pressure,Dry mouth;Headache;Dizziness,Physiotens;Moxonidine,Imidazoline receptor agonist,Antihypertensive,false,Take with food;Monitor for dry mouth
Hydralazine,25 mg,2 times daily,High blood pressure,Headache;Tachycardia;Lupus-like syndrome,Apresoline;Hydralazine,Direct vasodilator,Antihypertensive,false,Combine with beta-blocker;Monitor for lupus symptoms
Minoxidil,5 mg,Once daily,Severe hypertension,Fluid retention;Tachycardia;Hypertrichosis,Loniten;Minoxidil,Direct vasodilator,Antihypertensive,false,For resistant cases only;Monitor fluid status
Indapamide,2.5 mg,Once daily,High blood pressure,Low potassium;Increased uric acid;Dizziness,Fludex;Indapamide,Thiazide-like diuretic,Antihypertensive,false,Monitor electrolytes;Take in morning
Chlorthalidone,25 mg,Once daily,High blood pressure,Low potassium;Increased cholesterol;Impotence,Hygroton;Chlorthalidone,Thiazide-like diuretic,Antihypertensive,false,Monitor potassium;Take with food
Bumetanide,1 mg,Once daily,Edema;Heart failure,Low potassium;Dehydration;Muscle cramps,Bumex;Burinex,Loop diuretic,Diuretic,false,Monitor electrolytes;Take in morning
Torasemide,10 mg,Once daily,Edema;Heart failure,Low potassium;Increased uric acid;Dizziness,Demadex;Torasemide,Loop diuretic,Diuretic,false,Monitor electrolytes;More potent than furosemide
Ethacrynic acid,50 mg,Once daily,Edema,Hearing loss;GI upset;Electrolyte imbalance,Edecrin;Ethacrynic acid,Loop diuretic,Diuretic,false,Monitor hearing;Use when sulfa allergy present
Triamterene,50 mg,Once daily,Edema;High blood pressure,High potassium;Kidney stones;Dizziness,Dyrenium;Triamterene,Potassium-sparing diuretic,Diuretic,false,Monitor potassium;Avoid potassium supplements
Acetazolamide,250 mg,2-3 times daily,Glaucoma;Altitude sickness,Fatigue;Metabolic acidosis;Paresthesia,Diamox;Acetazolamide,Carbonic anhydrase inhibitor,Diuretic,false,Monitor electrolytes;Contraindicated in sulfa allergy
Mannitol,20%,IV infusion,Cerebral edema;Increased ICP,Fluid overload;Electrolyte imbalance,Osmitrol;Mannitol,Osmotic diuretic,Diuretic,false,Monitor renal function;Administer slowly
Desmopressin,0.2 mg,Once at night,Diabetes insipidus;Bedwetting,Headache;Hyponatremia;Nausea,Minirin;DDAVP,Vasopressin analogue,Antidiuretic hormone,false,Monitor sodium levels;Avoid fluid overload
Conivaptan,20 mg,IV infusion,Hyponatremia,Infusion site reactions;Hypotension;Thirst,Vaprisol;Conivaptan,Vasopressin receptor antagonist,Diuretic,false,Monitor sodium closely;Hospital use only
Tolvaptan,15 mg,Once daily,Hyponatremia,Thirst;Dry mouth;Liver damage,Samsca;Tolvaptan,Vasopressin receptor antagonist,Diuretic,false,Monitor liver function;Require hospitalization for initiation
Metolazone,5 mg,Once daily,Edema;Heart failure,Low potassium;Dehydration;Dizziness,Zaroxolyn;Metolazone,Thiazide-like diuretic,Diuretic,false,Monitor electrolytes;Synergistic with loop diuretics
Spironolactone,25 mg,Once daily,Heart failure;Edema;High blood pressure,High potassium;Breast tenderness;Menstrual irregularities,Aldactone;Spirotone,Steroidal aldosterone antagonist,Potassium-sparing diuretic,false,Monitor potassium regularly;Avoid potassium supplements
Eplerenone,25 mg,Once daily,Heart failure;High blood pressure,High potassium;Dizziness;Breast tenderness,Inspra;Eplerenone,Selective aldosterone blocker,Potassium-sparing diuretic,false,Monitor potassium;Fewer endocrine effects than spironolactone
Amiloride,5 mg,Once daily,Edema;High blood pressure,High potassium;Headache;Dizziness,Midamor;Amiloride,Potassium-sparing diuretic,Diuretic,false,Monitor potassium;Usually combined with thiazide
Hydrochlorothiazide,12.5 mg,Once daily,High blood pressure;Edema,Low potassium;Increased blood sugar;Dizziness,Esidrex;Hydrazide,Thiazide diuretic,Antihypertensive;Diuretic,false,Monitor electrolytes;Can cause dehydration;Increase potassium intake
Furosemide,20 mg,Once daily,Edema;Heart failure;High blood pressure,Low potassium;Dehydration;Dizziness,Lasix;Fruse,Loop diuretic,Diuretic,false,Monitor electrolytes;Can cause dehydration;Take in morning
Bendroflumethiazide,5 mg,Once daily,High blood pressure;Edema,Low potassium;Increased uric acid;Impotence,Naturetin;Bendroflumethiazide,Thiazide diuretic,Antihypertensive,false,Monitor electrolytes;Take with food
Cyclopenthiazide,0.5 mg,Once daily,High blood pressure;Edema,Low potassium;Increased cholesterol;Dizziness,Navidrex;Cyclopenthiazide,Thiazide diuretic,Antihypertensive,false,Monitor electrolytes;More potent than HCTZ
Xipamide,20 mg,Once daily,High blood pressure;Edema,Low potassium;Increased uric acid;Muscle cramps,Diurexan;Xipamide,Thiazide-like diuretic,Antihypertensive,false,Monitor electrolytes;Take in morning
Clopamide,20 mg,Once daily,High blood pressure;Edema,Low potassium;Increased glucose;Dizziness,Brinaldix;Clopamide,Thiazide-like diuretic,Antihypertensive,false,Monitor electrolytes;Similar to thiazides
Mefruside,25 mg,Once daily,High blood pressure;Edema,Low potassium;Increased uric acid;Rash,Baycaron;Mefruside,Thiazide-like diuretic,Antihypertensive,false,Monitor electrolytes;Take with food
Quinethazone,50 mg,Once daily,High blood pressure;Edema,Low potassium;Increased glucose;Dizziness,Hydromox;Quinethazone,Thiazide-like diuretic,Antihypertensive,false,Monitor electrolytes;Long duration of action